observed_silhouette,null_mean,null_std,null_median,p_value,significant,n_permutations
-0.00603119624793247,-0.0048648926396473,0.0016318965211108353,-0.004611554557618287,0.793,False,1000
