variance_threshold,correlation_threshold,laplacian_neighbors,requested_features,similarity_threshold,success,error,ari,nmi,purity,f1_macro,n_communities,optimal_k,n_features,graph_density,n_edges,n_samples,dataset
1.2633270542520203,0.1312546803814155,5,2000,0.1,True,,0.1342607102525953,0.1851922337926881,0.5719769673704415,0.2694592243583785,5,5,89,18.11276555100892,108093,1093,tcga_brca_data
1.2633270542520203,0.1312546803814155,5,2000,0.2,True,,0.0,0.0,0.4433781190019193,0.0627831715210356,1,1,89,4.603554420571804,27473,1093,tcga_brca_data
1.2633270542520203,0.1312546803814155,5,2000,0.3,True,,0.0,0.0,0.4433781190019193,0.0627831715210356,1,1,89,0.8664863651139955,5171,1093,tcga_brca_data
1.2633270542520203,0.1312546803814155,5,2000,0.4,True,,0.0,0.0,0.4433781190019193,0.0627831715210356,1,1,89,0.1290262040490769,770,1093,tcga_brca_data
1.2633270542520203,0.1312546803814155,5,2000,0.5,True,,0.0,0.0,0.4433781190019193,0.0627831715210356,1,1,89,0.0149134183900881,89,1093,tcga_brca_data
1.2633270542520203,0.1312546803814155,5,2000,0.6,True,,0.0,0.0,0.4433781190019193,0.0627831715210356,1,1,89,0.0008378324938251,5,1093,tcga_brca_data
1.2633270542520203,0.1312546803814155,5,2000,0.7,True,,0.0,0.0,0.4433781190019193,0.0627831715210356,1,1,89,0.0,0,1093,tcga_brca_data
1.2633270542520203,0.1312546803814155,5,2000,0.8,True,,0.0,0.0,0.4433781190019193,0.0627831715210356,1,1,89,0.0,0,1093,tcga_brca_data
1.2633270542520203,0.1312546803814155,5,2000,0.9,True,,0.0,0.0,0.4433781190019193,0.0627831715210356,1,1,89,0.0,0,1093,tcga_brca_data
