Method,Type,Silhouette,Davies-Bouldin,NMI vs PAM50,ARI vs PAM50,N_Clusters,Runtime (s)
K-means,Centroid,0.011918215500064352,10.27093566604069,0.02706248551522218,0.012518323876155405,5,2.163797616958618
Spectral,Graph,-0.10655683676032664,3.9674563616693,0.0041919948662212155,0.002172126765159907,5,1.8011534214019775
NMF,Matrix Factorization,-0.01842193064715624,16.15594920422724,0.02135279050875618,0.015931348653602594,5,5.739909887313843
Louvain,Graph,-0.01576934089632605,13.777909667039122,0.009733707963238084,-4.039192406483101e-05,18,2.842829942703247
BIGCLAM,Graph,-0.010991049440371175,32.89264564320448,0.0009519828882135255,-0.0012837271153504739,5,
